{"cameraMode":{"drawMode":0,"name":"Shaded","section":"Shading Mode"},"sceneLighting":true,"audioPlay":false,"sceneViewState":{"showFog":true,"showMaterialUpdate":true,"showSkybox":true,"showFlares":true,"showImageEffects":true,"showParticleSystems":true},"in2DMode":false,"pivot":{"x":4.63422966003418,"y":-1.1422295570373536,"z":5.599393844604492},"rotation":{"x":-0.17544500529766084,"y":-0.37255948781967165,"z":0.07088027894496918,"w":-0.9088210463523865},"size":20.15082550048828,"orthographic":false}