{"cameraMode":{"drawMode":0,"name":"Shaded","section":"Shading Mode"},"sceneLighting":false,"audioPlay":false,"sceneViewState":{"showFog":true,"showMaterialUpdate":true,"showSkybox":false,"showFlares":true,"showImageEffects":true,"showParticleSystems":true},"in2DMode":false,"pivot":{"x":-30.700000762939454,"y":1.4700002670288087,"z":29.799999237060548},"rotation":{"x":-0.10955161601305008,"y":-0.5106112360954285,"z":0.06427482515573502,"w":-0.8507435321807861},"size":45.9734001159668,"orthographic":false}