{"cameraMode":{"drawMode":0,"name":"Shaded","section":"Shading Mode"},"sceneLighting":true,"audioPlay":false,"sceneViewState":{"showFog":true,"showMaterialUpdate":true,"showSkybox":true,"showFlares":true,"showImageEffects":true,"showParticleSystems":true},"in2DMode":false,"pivot":{"x":1.067512035369873,"y":-2.6163482666015627,"z":10.142827033996582},"rotation":{"x":-0.2222822606563568,"y":-0.13898073136806489,"z":0.0311505738645792,"w":-0.9648303389549255},"size":20.15082550048828,"orthographic":false}