{"cameraMode":{"drawMode":0,"name":"Shaded","section":"Shading Mode"},"sceneLighting":true,"audioPlay":false,"sceneViewState":{"showFog":true,"showMaterialUpdate":true,"showSkybox":true,"showFlares":true,"showImageEffects":true,"showParticleSystems":true},"in2DMode":false,"pivot":{"x":-42.27211380004883,"y":-3.257528305053711,"z":-5.83341646194458},"rotation":{"x":0.045922424644231799,"y":-0.7300570011138916,"z":0.0512220561504364,"w":0.6803926825523377},"size":50.56751251220703,"orthographic":false}