{"cameraMode":{"drawMode":0,"name":"Shaded","section":"Shading Mode"},"sceneLighting":true,"audioPlay":false,"sceneViewState":{"showFog":true,"showMaterialUpdate":true,"showSkybox":true,"showFlares":true,"showImageEffects":true,"showParticleSystems":true},"in2DMode":false,"pivot":{"x":9.026703834533692,"y":0.19867278635501862,"z":7.153132438659668},"rotation":{"x":-0.10473797470331192,"y":-0.46569713950157168,"z":0.054513540118932727,"w":-0.8773596286773682},"size":20.15082550048828,"orthographic":false}