{"cameraMode":{"drawMode":0,"name":"Shaded","section":"Shading Mode"},"sceneLighting":true,"audioPlay":false,"sceneViewState":{"showFog":true,"showMaterialUpdate":true,"showSkybox":true,"showFlares":true,"showImageEffects":true,"showParticleSystems":true},"in2DMode":false,"pivot":{"x":8.391382217407227,"y":-1.505681037902832,"z":4.714398384094238},"rotation":{"x":-0.10955161601305008,"y":-0.5106112360954285,"z":0.06427482515573502,"w":-0.8507435321807861},"size":22.0,"orthographic":false}