{"cameraMode":{"drawMode":0,"name":"Shaded","section":"Shading Mode"},"sceneLighting":true,"audioPlay":false,"sceneViewState":{"showFog":true,"showMaterialUpdate":true,"showSkybox":true,"showFlares":true,"showImageEffects":true,"showParticleSystems":true},"in2DMode":false,"pivot":{"x":4.006152153015137,"y":-0.2835988998413086,"z":-1.0682854652404786},"rotation":{"x":-0.19365911185741425,"y":-0.5658456683158875,"z":0.13764919340610505,"w":-0.7899200320243836},"size":22.0,"orthographic":false}